{"mean":{"Open":183.6001410499,"High":185.8978982656,"Low":181.1911764125,"Close":183.5361614311,"Adj Close":181.8503044791,"Volume":4879333.7947027469,"News - All News Volume":522589.1531028263,"News - Volume":84.6013537765,"News - Positive Sentiment":4.3406804775,"News - Negative Sentiment":3.7885264911,"News - New Products":1.3127812698,"News - Layoffs":0.0854324078,"News - Analyst Comments":10.4589081438,"News - Stocks":11.2940437516,"News - Dividends":0.475984502,"News - Corporate Earnings":3.5575976219,"News - Mergers & Acquisitions":2.1164606705,"News - Store Openings":0.081530292,"News - Product Recalls":0.1199026312,"News - Adverse Events":4.2430079423,"News - Personnel Changes":0.8021654902,"News - Stock Rumors":0.0050294959},"std":{"Open":318.9403583105,"High":322.9249400343,"Low":314.7401264205,"Close":318.8190432063,"Adj Close":318.7638590389,"Volume":10776155.2701544836,"News - All News Volume":49863.9934880339,"News - Volume":246.6193489158,"News - Positive Sentiment":28.2989864367,"News - Negative Sentiment":16.0335359613,"News - New Products":9.0804013643,"News - Layoffs":2.9479298679,"News - Analyst Comments":31.1194639613,"News - Stocks":32.588281696,"News - Dividends":2.3537008924,"News - Corporate Earnings":15.6059663661,"News - Mergers & Acquisitions":11.2482493609,"News - Store Openings":0.9703554443,"News - Product Recalls":3.3109854473,"News - Adverse Events":18.0692631549,"News - Personnel Changes":6.8645934638,"News - Stock Rumors":0.1008780997}}